"title","body","summary","numValid"
"Text 1","Text1:
Lorem Ipsum is simply dummy text of the printing and typesetting industry. Lorem Ipsum has been the industry's standard dummy text ever since the 1500s, when an unknown printer took a galley of type and scrambled it to make a type specimen book. It has survived not only five centuries, but also the leap into electronic typesetting, remaining essentially unchanged. It was popularised in the 1960s with the release of Letraset sheets containing Lorem Ipsum passages, and more recently with desktop publishing software like Aldus PageMaker including versions of Lorem Ipsum.

It is a long established fact that a reader will be distracted by the readable content of a page when looking at its layout. The point of using Lorem Ipsum is that it has a more-or-less normal distribution of letters, as opposed to using 'Content here, content here', making it look like readable English. Many desktop publishing packages and web page editors now use Lorem Ipsum as their default model text, and a search for 'lorem ipsum' will uncover many web sites still in their infancy. Various versions have evolved over the years, sometimes by accident, sometimes on purpose (injected humour and the like).

Contrary to popular belief, Lorem Ipsum is not simply random text. It has roots in a piece of classical Latin literature from 45 BC, making it over 2000 years old. Richard McClintock, a Latin professor at Hampden-Sydney College in Virginia, looked up one of the more obscure Latin words, consectetur, from a Lorem Ipsum passage, and going through the cites of the word in classical literature, discovered the undoubtable source. Lorem Ipsum comes from sections 1.10.32 and 1.10.33 of "de Finibus Bonorum et Malorum" (The Extremes of Good and Evil) by Cicero, written in 45 BC. This book is a treatise on the theory of ethics, very popular during the Renaissance. The first line of Lorem Ipsum, "Lorem ipsum dolor sit amet..", comes from a line in section 1.10.32.","Summary 1: 
Lorem ipsum dolor sit amet, consectetur adipiscing elit. Pellentesque eu placerat augue, accumsan lobortis odio. Cras malesuada sit amet leo eget accumsan. Fusce sit amet fermentum tellus, sed accumsan ante. Suspendisse iaculis sapien quis ultrices viverra. Maecenas pharetra tristique est non luctus. Morbi sit amet est semper, laoreet justo quis, maximus felis. Proin sit amet nisi vitae justo eleifend fringilla vitae nec tellus. Sed a tortor et libero vehicula ullamcorper. Praesent suscipit tortor orci, nec fringilla diam luctus a. Sed sit amet tellus sapien. Proin pretium sollicitudin mi et consectetur. Nunc ultrices eget quam et accumsan. Pellentesque habitant morbi tristique senectus et netus et malesuada fames ac turpis egestas. Vestibulum vehicula diam a elit maximus vestibulum.","0"
"Text 2","Texto2: 
Lorem ipsum dolor sit amet, consectetur adipiscing elit. Etiam ac nisl eget tellus porttitor consequat. Mauris et aliquam magna. Cras dignissim eu diam at placerat. Pellentesque hendrerit in ex interdum vulputate. Vivamus nibh augue, faucibus sed viverra efficitur, sodales quis nulla. Etiam feugiat bibendum nulla, a lobortis felis tristique et. Pellentesque eu mi ut sapien elementum maximus in in tellus.

Aliquam erat volutpat. Vestibulum tempor leo felis, vitae sagittis justo molestie volutpat. Etiam mattis vel nisi nec tristique. Quisque quis urna eget lorem pellentesque cursus. Etiam ac laoreet velit. Nunc congue pellentesque nisl a tempus. Suspendisse rhoncus, diam ultricies viverra egestas, justo dui dignissim augue, vel feugiat nulla dui vitae massa. Vestibulum sit amet tincidunt dui. Sed tortor est, luctus quis molestie a, pharetra nec odio. Aliquam a purus tellus. Fusce semper sem eget ex ornare, eu sollicitudin dolor venenatis. Interdum et malesuada fames ac ante ipsum primis in faucibus. Nulla efficitur lorem vitae bibendum dignissim. Nunc quis hendrerit eros. In rhoncus, tortor nec mattis sollicitudin, augue lacus ultricies felis, ut volutpat eros ipsum sit amet libero.

Aenean viverra consequat mauris, in volutpat ligula aliquam ac. Interdum et malesuada fames ac ante ipsum primis in faucibus. Class aptent taciti sociosqu ad litora torquent per conubia nostra, per inceptos himenaeos. Quisque eget molestie diam. Etiam ultricies neque neque. Aenean interdum velit sed interdum egestas. Phasellus vitae urna interdum, luctus nunc a, finibus arcu. Nunc rutrum enim porta, mollis ex vel, tempus ex. Sed posuere ex neque, sodales dapibus odio tempus pulvinar. Vestibulum at eleifend tellus. Fusce facilisis, neque eget dapibus finibus, libero diam efficitur nisl, sed bibendum ipsum lectus et augue. Quisque varius eleifend urna, pulvinar vulputate dui gravida ut. Vivamus rutrum eros mauris, a ultrices ex lobortis at. Nullam quis placerat orci, a scelerisque velit.","Summary 2:
Aenean viverra consequat mauris, in volutpat ligula aliquam ac. Interdum et malesuada fames ac ante ipsum primis in faucibus. Class aptent taciti sociosqu ad litora torquent per conubia nostra, per inceptos himenaeos. Quisque eget molestie diam. Etiam ultricies neque neque. Aenean interdum velit sed interdum egestas. Phasellus vitae urna interdum, luctus nunc a, finibus arcu. Nunc rutrum enim porta, mollis ex vel, tempus ex. Sed posuere ex neque, sodales dapibus odio tempus pulvinar. Vestibulum at eleifend tellus. Fusce facilisis, neque eget dapibus finibus, libero diam efficitur nisl, sed bibendum ipsum lectus et augue. Quisque varius eleifend urna, pulvinar vulputate dui gravida ut. Vivamus rutrum eros mauris, a ultrices ex lobortis at. Nullam quis placerat orci, a scelerisque velit.","0"
"Text 3","Texto3: 
Lorem ipsum dolor sit amet, consectetur adipiscing elit. Etiam ac nisl eget tellus porttitor consequat. Mauris et aliquam magna. Cras dignissim eu diam at placerat. Pellentesque hendrerit in ex interdum vulputate. Vivamus nibh augue, faucibus sed viverra efficitur, sodales quis nulla. Etiam feugiat bibendum nulla, a lobortis felis tristique et. Pellentesque eu mi ut sapien elementum maximus in in tellus.

Aliquam erat volutpat. Vestibulum tempor leo felis, vitae sagittis justo molestie volutpat. Etiam mattis vel nisi nec tristique. Quisque quis urna eget lorem pellentesque cursus. Etiam ac laoreet velit. Nunc congue pellentesque nisl a tempus. Suspendisse rhoncus, diam ultricies viverra egestas, justo dui dignissim augue, vel feugiat nulla dui vitae massa. Vestibulum sit amet tincidunt dui. Sed tortor est, luctus quis molestie a, pharetra nec odio. Aliquam a purus tellus. Fusce semper sem eget ex ornare, eu sollicitudin dolor venenatis. Interdum et malesuada fames ac ante ipsum primis in faucibus. Nulla efficitur lorem vitae bibendum dignissim. Nunc quis hendrerit eros. In rhoncus, tortor nec mattis sollicitudin, augue lacus ultricies felis, ut volutpat eros ipsum sit amet libero.","Summary 3:
Aenean viverra consequat mauris, in volutpat ligula aliquam ac. Interdum et malesuada fames ac ante ipsum primis in faucibus. Class aptent taciti sociosqu ad litora torquent per conubia nostra, per inceptos himenaeos. Quisque eget molestie diam. Etiam ultricies neque neque. Aenean interdum velit sed interdum egestas. Phasellus vitae urna interdum, luctus nunc a, finibus arcu. Nunc rutrum enim porta, mollis ex vel, tempus ex. Sed posuere ex neque, sodales dapibus odio tempus pulvinar. Vestibulum at eleifend tellus. Fusce facilisis, neque eget dapibus finibus, libero diam efficitur nisl, sed bibendum ipsum lectus et augue. Quisque varius eleifend urna, pulvinar vulputate dui gravida ut. Vivamus rutrum eros mauris, a ultrices ex lobortis at. Nullam quis placerat orci, a scelerisque velit.","2"
